2025-08-02 21:07:26,Drowsiness Detected
2025-08-02 21:07:26,Drowsiness Detected
2025-08-02 21:07:26,Drowsiness Detected
2025-08-02 21:07:26,Drowsiness Detected
2025-08-02 21:07:26,Drowsiness Detected
2025-08-02 21:07:26,Drowsiness Detected
2025-08-02 21:07:26,Drowsiness Detected
2025-08-02 21:07:26,Drowsiness Detected
2025-08-02 21:07:26,Drowsiness Detected
2025-08-02 21:07:26,Drowsiness Detected
2025-08-02 21:07:26,Drowsiness Detected
2025-08-02 21:07:26,Drowsiness Detected
2025-08-02 21:07:26,Drowsiness Detected
2025-08-02 21:07:26,Drowsiness Detected
2025-08-02 21:07:26,Drowsiness Detected
2025-08-02 21:07:26,Drowsiness Detected
2025-08-02 21:07:26,Drowsiness Detected
2025-08-02 21:07:26,Drowsiness Detected
2025-08-02 21:07:26,Drowsiness Detected
2025-08-02 21:07:26,Drowsiness Detected
2025-08-02 21:07:26,Drowsiness Detected
2025-08-02 21:07:26,Drowsiness Detected
2025-08-02 21:07:26,Drowsiness Detected
2025-08-02 21:07:27,Drowsiness Detected
2025-08-02 21:07:27,Drowsiness Detected
2025-08-02 21:07:27,Drowsiness Detected
2025-08-02 21:07:27,Drowsiness Detected
2025-08-02 21:07:27,Drowsiness Detected
2025-08-02 21:07:27,Drowsiness Detected
2025-08-02 21:07:27,Drowsiness Detected
2025-08-02 21:07:27,Drowsiness Detected
2025-08-02 21:07:27,Drowsiness Detected
2025-08-02 21:07:27,Drowsiness Detected
2025-08-02 21:07:29,Drowsiness Detected
2025-08-02 21:07:29,Drowsiness Detected
2025-08-02 21:07:29,Drowsiness Detected
2025-08-02 21:07:29,Drowsiness Detected
2025-08-02 21:07:29,Drowsiness Detected
2025-08-02 21:07:29,Drowsiness Detected
2025-08-02 21:07:29,Drowsiness Detected
2025-08-02 21:07:29,Drowsiness Detected
2025-08-02 21:07:29,Drowsiness Detected
2025-08-02 21:07:29,Drowsiness Detected
2025-08-02 21:07:29,Drowsiness Detected
2025-08-02 21:07:29,Drowsiness Detected
2025-08-02 21:07:29,Drowsiness Detected
2025-08-02 21:07:29,Drowsiness Detected
2025-08-02 21:07:29,Drowsiness Detected
2025-08-02 21:07:29,Drowsiness Detected
2025-08-02 21:07:29,Drowsiness Detected
2025-08-02 21:07:29,Drowsiness Detected
2025-08-02 21:07:29,Drowsiness Detected
2025-08-02 21:07:29,Drowsiness Detected
2025-08-02 21:07:29,Drowsiness Detected
2025-08-02 21:07:29,Drowsiness Detected
2025-08-02 21:07:29,Drowsiness Detected
2025-08-02 21:07:29,Drowsiness Detected
2025-08-02 21:07:29,Drowsiness Detected
2025-08-02 21:07:29,Drowsiness Detected
2025-08-02 21:07:30,Drowsiness Detected
2025-08-02 21:07:30,Drowsiness Detected
2025-08-02 21:07:30,Drowsiness Detected
2025-08-02 21:07:30,Drowsiness Detected
2025-08-02 21:07:30,Drowsiness Detected
2025-08-02 21:07:30,Drowsiness Detected
2025-08-02 21:07:30,Drowsiness Detected
2025-08-02 21:07:30,Drowsiness Detected
2025-08-02 21:07:30,Drowsiness Detected
2025-08-02 21:07:30,Drowsiness Detected
2025-08-02 21:07:30,Drowsiness Detected
2025-08-02 21:07:30,Drowsiness Detected
2025-08-02 21:07:30,Drowsiness Detected
2025-08-02 21:07:30,Drowsiness Detected
2025-08-02 21:07:30,Drowsiness Detected
2025-08-02 21:07:30,Drowsiness Detected
2025-08-02 21:07:30,Drowsiness Detected
2025-08-02 21:07:30,Drowsiness Detected
2025-08-02 21:07:30,Drowsiness Detected
2025-08-02 21:07:30,Drowsiness Detected
2025-08-02 21:07:30,Drowsiness Detected
2025-08-02 21:07:30,Drowsiness Detected
2025-08-02 21:07:30,Drowsiness Detected
2025-08-02 21:07:30,Drowsiness Detected
2025-08-02 21:07:30,Drowsiness Detected
2025-08-02 21:07:30,Drowsiness Detected
2025-08-02 21:07:30,Drowsiness Detected
2025-08-02 21:07:30,Drowsiness Detected
2025-08-02 21:07:30,Drowsiness Detected
2025-08-02 21:07:31,Drowsiness Detected
2025-08-02 21:07:31,Drowsiness Detected
2025-08-02 21:07:31,Drowsiness Detected
2025-08-02 21:07:31,Drowsiness Detected
2025-08-02 21:07:31,Drowsiness Detected
2025-08-02 21:07:31,Drowsiness Detected
2025-08-02 21:07:31,Drowsiness Detected
2025-08-02 21:07:31,Drowsiness Detected
2025-08-02 21:07:31,Drowsiness Detected
2025-08-02 21:07:31,Drowsiness Detected
2025-08-02 21:07:31,Drowsiness Detected
2025-08-02 21:07:31,Drowsiness Detected
2025-08-02 21:07:31,Drowsiness Detected
2025-08-02 21:07:31,Drowsiness Detected
2025-08-02 21:07:31,Drowsiness Detected
2025-08-02 21:07:31,Drowsiness Detected
2025-08-02 21:07:31,Drowsiness Detected
2025-08-02 21:07:31,Drowsiness Detected
2025-08-02 21:07:31,Drowsiness Detected
2025-08-02 21:07:31,Drowsiness Detected
2025-08-02 21:07:31,Drowsiness Detected
2025-08-02 21:07:31,Drowsiness Detected
2025-08-02 21:07:31,Drowsiness Detected
2025-08-02 21:07:31,Drowsiness Detected
2025-08-02 21:07:31,Drowsiness Detected
2025-08-02 21:07:31,Drowsiness Detected
2025-08-02 21:07:31,Drowsiness Detected
2025-08-02 21:07:31,Drowsiness Detected
2025-08-02 21:07:31,Drowsiness Detected
2025-08-02 21:07:31,Drowsiness Detected
2025-08-02 21:07:31,Drowsiness Detected
2025-08-02 21:07:32,Drowsiness Detected
2025-08-02 21:07:32,Drowsiness Detected
2025-08-02 21:07:32,Drowsiness Detected
2025-08-02 21:08:15,Drowsiness Detected
2025-08-02 21:08:15,Drowsiness Detected
2025-08-02 21:08:15,Drowsiness Detected
2025-08-02 21:08:15,Drowsiness Detected
2025-08-02 21:08:15,Drowsiness Detected
2025-08-02 21:08:15,Drowsiness Detected
2025-08-02 21:08:15,Drowsiness Detected
2025-08-02 21:08:15,Drowsiness Detected
2025-08-02 21:08:15,Drowsiness Detected
2025-08-02 21:08:15,Drowsiness Detected
2025-08-02 21:08:15,Drowsiness Detected
2025-08-02 21:08:15,Drowsiness Detected
2025-08-02 21:08:15,Drowsiness Detected
2025-08-02 21:08:15,Drowsiness Detected
2025-08-02 21:08:15,Drowsiness Detected
2025-08-02 21:08:15,Drowsiness Detected
2025-08-02 21:08:15,Drowsiness Detected
2025-08-02 21:08:15,Drowsiness Detected
2025-08-02 21:08:16,Drowsiness Detected
2025-08-02 21:08:18,Drowsiness Detected
2025-08-02 21:08:18,Drowsiness Detected
2025-08-02 21:08:18,Drowsiness Detected
2025-08-02 21:08:18,Drowsiness Detected
2025-08-02 21:08:18,Drowsiness Detected
2025-08-02 21:08:18,Drowsiness Detected
2025-08-02 21:08:18,Drowsiness Detected
2025-08-02 21:08:21,Drowsiness Detected
2025-08-02 21:08:21,Drowsiness Detected
2025-08-02 21:08:21,Drowsiness Detected
2025-08-02 21:08:21,Drowsiness Detected
2025-08-02 21:08:21,Drowsiness Detected
2025-08-02 21:08:21,Drowsiness Detected
2025-08-02 21:08:21,Drowsiness Detected
2025-08-02 21:08:21,Drowsiness Detected
2025-08-02 21:08:21,Drowsiness Detected
2025-08-02 21:08:21,Drowsiness Detected
2025-08-02 21:08:21,Drowsiness Detected
2025-08-02 21:08:21,Drowsiness Detected
2025-08-02 21:08:21,Drowsiness Detected
2025-08-02 21:08:21,Drowsiness Detected
2025-08-02 21:08:21,Drowsiness Detected
2025-08-02 21:08:21,Drowsiness Detected
2025-08-02 21:08:21,Drowsiness Detected
2025-08-02 21:08:21,Drowsiness Detected
2025-08-02 21:08:21,Drowsiness Detected
2025-08-02 21:08:21,Drowsiness Detected
2025-08-02 21:08:21,Drowsiness Detected
2025-08-02 21:08:21,Drowsiness Detected
2025-08-02 21:08:21,Drowsiness Detected
2025-08-02 21:08:21,Drowsiness Detected
2025-08-02 21:08:21,Drowsiness Detected
2025-08-02 21:08:21,Drowsiness Detected
2025-08-02 21:08:21,Drowsiness Detected
2025-08-02 21:08:21,Drowsiness Detected
2025-08-02 21:08:22,Drowsiness Detected
2025-08-02 21:08:22,Drowsiness Detected
2025-08-02 21:08:22,Drowsiness Detected
2025-08-02 21:08:22,Drowsiness Detected
2025-08-02 21:08:22,Drowsiness Detected
2025-08-02 21:08:22,Drowsiness Detected
2025-08-02 21:08:22,Drowsiness Detected
2025-08-02 21:08:22,Drowsiness Detected
2025-08-02 21:08:22,Drowsiness Detected
2025-08-02 21:08:22,Drowsiness Detected
